{
  "trained_at": "2026-04-08T19:36:18.935176+00:00",
  "n_samples": 10776,
  "cv_accuracy_mean": 0.4185,
  "cv_accuracy_folds": [
    0.4226,
    0.4371,
    0.3914,
    0.3786,
    0.4627
  ],
  "class_distribution": {
    "1": 5326,
    "-1": 4425,
    "0": 1025
  },
  "feature_importances": {
    "rsi": 0.197317,
    "macd": 0.066056,
    "trend_ma": 0.045842,
    "bollinger": 0.135148,
    "volume": 0.035776,
    "volatility": 0.187084,
    "relative_strength": 0.060932,
    "sector_rotation": 0.054171,
    "vix_regime": 0.059154,
    "nifty_trend": 0.056315,
    "markov_regime": 0.029616,
    "delivery_score": 0.030086,
    "fii_flow_score": 0.0,
    "fii_fo_score": 0.042504
  },
  "classes": [
    -1,
    0,
    1
  ],
  "rf_params": {
    "n_estimators": 300,
    "max_depth": 12,
    "min_samples_leaf": 20,
    "max_features": "sqrt",
    "class_weight": "balanced",
    "random_state": 42,
    "n_jobs": -1
  }
}