{
  "trained_at": "2026-03-28T13:40:08.423768+00:00",
  "n_samples": 8841,
  "cv_accuracy_mean": 0.3855,
  "cv_accuracy_folds": [
    0.4365,
    0.4189,
    0.4467,
    0.3238,
    0.3014
  ],
  "class_distribution": {
    "1": 3704,
    "-1": 3618,
    "0": 1519
  },
  "feature_importances": {
    "rsi": 0.116821,
    "macd": 0.067983,
    "trend_ma": 0.035996,
    "bollinger": 0.093477,
    "volume": 0.019722,
    "volatility": 0.126215,
    "relative_strength": 0.069928,
    "sector_rotation": 0.063457,
    "analyst_consensus": 0.102341,
    "vix_regime": 0.095655,
    "nifty_trend": 0.043957,
    "markov_regime": 0.036917,
    "delivery_score": 0.052527,
    "fii_flow_score": 0.0,
    "fii_fo_score": 0.075002
  },
  "classes": [
    -1,
    0,
    1
  ],
  "rf_params": {
    "n_estimators": 300,
    "max_depth": null,
    "min_samples_leaf": 5,
    "max_features": "sqrt",
    "class_weight": "balanced",
    "random_state": 42,
    "n_jobs": -1
  }
}