{
  "trained_at": "2026-03-27T23:03:11.822408+00:00",
  "n_samples": 8841,
  "cv_accuracy_mean": 0.3881,
  "cv_accuracy_folds": [
    0.4379,
    0.4209,
    0.4453,
    0.3618,
    0.2743
  ],
  "class_distribution": {
    "1": 3704,
    "-1": 3618,
    "0": 1519
  },
  "feature_importances": {
    "rsi": 0.125287,
    "macd": 0.072635,
    "trend_ma": 0.034456,
    "bollinger": 0.100319,
    "volume": 0.020332,
    "volatility": 0.136488,
    "relative_strength": 0.069694,
    "sector_rotation": 0.083971,
    "analyst_consensus": 0.109146,
    "vix_regime": 0.108455,
    "nifty_trend": 0.047512,
    "markov_regime": 0.036556,
    "delivery_score": 0.055148
  },
  "classes": [
    -1,
    0,
    1
  ],
  "rf_params": {
    "n_estimators": 300,
    "max_depth": null,
    "min_samples_leaf": 5,
    "max_features": "sqrt",
    "class_weight": "balanced",
    "random_state": 42,
    "n_jobs": -1
  }
}