{
  "trained_at": "2026-03-31T21:18:42.625246+00:00",
  "n_samples": 8855,
  "cv_accuracy_mean": 0.3752,
  "cv_accuracy_folds": [
    0.4136,
    0.398,
    0.4508,
    0.3241,
    0.2895
  ],
  "class_distribution": {
    "1": 3706,
    "-1": 3628,
    "0": 1521
  },
  "feature_importances": {
    "rsi": 0.089384,
    "macd": 0.05938,
    "trend_ma": 0.042282,
    "bollinger": 0.054486,
    "volume": 0.008921,
    "volatility": 0.093662,
    "relative_strength": 0.118134,
    "sector_rotation": 0.072215,
    "vix_regime": 0.136824,
    "nifty_trend": 0.141033,
    "markov_regime": 0.049099,
    "delivery_score": 0.039426,
    "fii_flow_score": 0.0,
    "fii_fo_score": 0.095156
  },
  "classes": [
    -1,
    0,
    1
  ],
  "rf_params": {
    "n_estimators": 300,
    "max_depth": 10,
    "min_samples_leaf": 20,
    "max_features": "sqrt",
    "class_weight": "balanced",
    "random_state": 42,
    "n_jobs": -1
  }
}