{
  "trained_at": "2026-04-16T18:42:12.488416+00:00",
  "n_samples": 24578,
  "cv_accuracy_mean": 0.3513,
  "cv_accuracy_folds": [
    0.3235,
    0.3503,
    0.406,
    0.3269,
    0.3496
  ],
  "class_distribution": {
    "1": 9924,
    "-1": 8908,
    "0": 5746
  },
  "feature_importances": {
    "rsi": 0.083222,
    "macd": 0.06627,
    "trend_ma": 0.026901,
    "bollinger": 0.066482,
    "volume": 0.010854,
    "volatility": 0.108104,
    "relative_strength": 0.088963,
    "sector_rotation": 0.091625,
    "vix_regime": 0.127527,
    "nifty_trend": 0.108178,
    "markov_regime": 0.071425,
    "delivery_score": 0.051773,
    "fii_flow_score": 0.0,
    "fii_fo_score": 0.098676
  },
  "classes": [
    -1,
    0,
    1
  ],
  "rf_params": {
    "n_estimators": 300,
    "max_depth": 10,
    "min_samples_leaf": 20,
    "max_features": "sqrt",
    "class_weight": "balanced",
    "random_state": 42,
    "n_jobs": -1
  }
}