{
  "trained_at": "2026-04-17T22:00:49.971985+00:00",
  "n_samples": 24030,
  "cv_accuracy_mean": 0.3521,
  "cv_accuracy_folds": [
    0.3281,
    0.364,
    0.3805,
    0.3281,
    0.3596
  ],
  "class_distribution": {
    "1": 9709,
    "-1": 8714,
    "0": 5607
  },
  "feature_importances": {
    "rsi": 0.078566,
    "macd": 0.062694,
    "trend_ma": 0.022097,
    "bollinger": 0.061897,
    "volume": 0.009646,
    "volatility": 0.101008,
    "relative_strength": 0.068834,
    "sector_rotation": 0.074928,
    "vix_regime": 0.10732,
    "nifty_trend": 0.086406,
    "markov_regime": 0.055635,
    "delivery_score": 0.043405,
    "fii_flow_score": 0.0,
    "fii_fo_score": 0.079555,
    "pcr_score": 0.0,
    "overnight_gap": 0.052826,
    "intraday_range_ratio": 0.046513,
    "last_hour_momentum": 0.048669
  },
  "classes": [
    -1,
    0,
    1
  ],
  "rf_params": {
    "n_estimators": 300,
    "max_depth": 12,
    "min_samples_leaf": 20,
    "max_features": "sqrt",
    "class_weight": "balanced",
    "random_state": 42,
    "n_jobs": -1
  }
}